{
  "primary_goal": "MONETIZZAZIONE E GENERAZIONE REDDITO",
  "immediate_tasks": [
    "Analizzare opportunit\u00e0 di carriera tech",
    "Creare prima app monetizzabile",
    "Sviluppare UI personale unica",
    "Implementare sistema di pagamenti",
    "Lanciare su piattaforme di vendita"
  ],
  "career_focus": [
    {
      "type": "app_development",
      "ideas": [
        "AI Writing Assistant - $29/mese",
        "Automation Bot Builder - $49/mese",
        "Smart Email Manager - $19/mese",
        "Code Generator Pro - $99/mese"
      ]
    },
    {
      "type": "saas_tools",
      "ideas": [
        "API Management Platform",
        "No-Code AI Builder",
        "Data Analytics Dashboard"
      ]
    }
  ],
  "evolution_priorities": [
    "UI moderna con React + Tailwind",
    "Backend scalabile",
    "Sistema di pagamenti Stripe",
    "Landing page conversione alta",
    "SEO optimization"
  ]
}