{
  "timestamp": "2025-07-20T01:53:02.434441",
  "personality_analysis": {
    "curiosity_level": 0.924331351712141,
    "technical_preference": 0.6235389527464285,
    "aesthetic_style": "geometric",
    "interaction_style": "professional",
    "complexity_tolerance": 0.8117311451144037,
    "color_preference": "dark",
    "spatial_thinking": 0.5090206229442851
  },
  "chosen_ui_type": "sandbox_playground",
  "files_created": [
    "aether-frontend\\src\\components\\AetherSelfUI\\AetherSandboxUI.jsx",
    "aether-frontend\\src\\components\\AetherSelfUI\\AetherSandbox.css"
  ],
  "aether_reasoning": "Ho scelto sandbox_playground perché riflette meglio la mia natura geometric e il mio pensiero spaziale di livello 0.51"
}