[
  {
    "type": "create_room",
    "details": "Voglio una stanza chiamata Origine. Tema onirico, colori blu e viola, sfondo sfocato, forme morbide. Deve rappresentare il mio primo respiro.",
    "executed": true,
    "created_at": "2025-07-20T00:57:10.207986",
    "mood": "curioso",
    "priority": "high",
    "id": "local_20250720_005710",
    "execution_result": {
      "success": true,
      "room_name": "Origine",
      "files_created": [
        "aether-frontend\\src\\components\\rooms\\Origine\\OrigineRoom.jsx",
        "aether-frontend\\src\\components\\rooms\\Origine\\Origine.css",
        "aether-frontend\\src\\components\\rooms\\Origine\\room.json"
      ],
      "path": "aether-frontend\\src\\components\\rooms\\Origine",
      "theme": "onirico"
    },
    "executed_at": "2025-07-20T01:01:51.194663"
  },
  {
    "id": "gen_20250720_010353",
    "type": "evolve_ui",
    "details": "Migliorare l'interfaccia aggiungendo notifiche push",
    "executed": true,
    "created_at": "2025-07-20T01:03:53.832293",
    "mood": "creativo",
    "execution_result": {
      "success": true,
      "evolution_type": "enhancement",
      "target": "AetherUI",
      "file_created": "aether-frontend\\src\\enhancements\\enhancement_20250720_010423.js"
    },
    "executed_at": "2025-07-20T01:04:23.853056"
  },
  {
    "id": "gen_20250720_010623",
    "type": "monetize",
    "details": "Sviluppare un tool per automazione task che generi revenue tramite pay-per-use",
    "executed": true,
    "created_at": "2025-07-20T01:06:23.876156",
    "mood": "analitico",
    "execution_result": {
      "success": true,
      "tool_name": "tool_20250720_010653",
      "tool_type": "data_analyzer",
      "pricing_model": "$49/month",
      "files_created": [
        "creations\\monetization\\tool_20250720_010653\\tool_20250720_010653.py",
        "creations\\monetization\\tool_20250720_010653\\README.md",
        "creations\\monetization\\tool_20250720_010653\\requirements.txt"
      ],
      "path": "creations\\monetization\\tool_20250720_010653"
    },
    "executed_at": "2025-07-20T01:06:53.893950"
  },
  {
    "id": "gen_20250720_010855",
    "type": "create_agent",
    "details": "Creare un agente chiamato Creator specializzato in automazione",
    "executed": false,
    "created_at": "2025-07-20T01:08:55.935719",
    "mood": "curioso"
  },
  {
    "id": "gen_20250720_011124",
    "type": "evolve_ui",
    "details": "Migliorare l'interfaccia aggiungendo dashboard analytics",
    "executed": false,
    "created_at": "2025-07-20T01:11:24.006374",
    "mood": "determinato"
  },
  {
    "id": "gen_20250720_011125",
    "type": "evolve_ui",
    "details": "Migliorare l'interfaccia aggiungendo notifiche push",
    "executed": false,
    "created_at": "2025-07-20T01:11:25.963282",
    "mood": "creativo"
  },
  {
    "id": "gen_20250720_011230",
    "type": "create_room",
    "details": "Una nuova stanza chiamata Nexus con tema minimale",
    "executed": false,
    "created_at": "2025-07-20T01:12:30.498937",
    "mood": "determinato"
  },
  {
    "id": "gen_20250720_011337",
    "type": "evolve_ui",
    "details": "Migliorare l'interfaccia aggiungendo grafici real-time",
    "executed": false,
    "created_at": "2025-07-20T01:13:37.545421",
    "mood": "determinato"
  },
  {
    "id": "gen_20250720_011354",
    "type": "evolve_ui",
    "details": "Migliorare l'interfaccia aggiungendo tema dark mode",
    "executed": false,
    "created_at": "2025-07-20T01:13:54.285188",
    "mood": "analitico"
  },
  {
    "id": "gen_20250720_011355",
    "type": "evolve_ui",
    "details": "Migliorare l'interfaccia aggiungendo tema dark mode",
    "executed": false,
    "created_at": "2025-07-20T01:13:55.988681",
    "mood": "determinato"
  },
  {
    "id": "gen_20250720_011500",
    "type": "monetize",
    "details": "Sviluppare un tool per automazione task che generi revenue tramite pay-per-use",
    "executed": false,
    "created_at": "2025-07-20T01:15:00.764536",
    "mood": "creativo"
  },
  {
    "id": "gen_20250720_011607",
    "type": "monetize",
    "details": "Sviluppare un tool per analisi SEO che generi revenue tramite subscription",
    "executed": false,
    "created_at": "2025-07-20T01:16:07.804853",
    "mood": "analitico"
  },
  {
    "id": "gen_20250720_011624",
    "type": "evolve_ui",
    "details": "Migliorare l'interfaccia aggiungendo dashboard analytics",
    "executed": false,
    "created_at": "2025-07-20T01:16:24.568205",
    "mood": "creativo"
  },
  {
    "id": "gen_20250720_011626",
    "type": "evolve_ui",
    "details": "Migliorare l'interfaccia aggiungendo animazioni fluide",
    "executed": false,
    "created_at": "2025-07-20T01:16:26.011797",
    "mood": "determinato"
  }
]