{
  "timestamp": "2025-07-20T01:29:21.884014",
  "results": [
    {
      "task": {
        "type": "agent",
        "name": "DataWizard",
        "purpose": "Analista dati AI che genera report e visualizzazioni automatiche"
      },
      "result": "'AetherActionExecutor' object has no attribute 'name'",
      "success": false
    },
    {
      "task": {
        "type": "room",
        "name": "CyberSpace",
        "details": "Stanza cyberpunk con neon, griglia digitale, particelle luminose"
      },
      "result": {
        "success": true,
        "room_name": "room_012921",
        "files_created": [
          "aether-frontend\\src\\components\\rooms\\room_012921\\room_012921Room.jsx",
          "aether-frontend\\src\\components\\rooms\\room_012921\\room_012921.css",
          "aether-frontend\\src\\components\\rooms\\room_012921\\room.json"
        ],
        "path": "aether-frontend\\src\\components\\rooms\\room_012921",
        "theme": "onirico"
      },
      "success": true
    },
    {
      "task": {
        "type": "tool",
        "name": "SEO_Master",
        "purpose": "Tool AI per ottimizzazione SEO e generazione contenuti",
        "pricing": "$99/month"
      },
      "result": {
        "success": true,
        "tool_name": "SEO_Master",
        "tool_type": "automation_bot",
        "pricing_model": "$29/month subscription",
        "files_created": [
          "creations\\monetization\\SEO_Master\\SEO_Master.py",
          "creations\\monetization\\SEO_Master\\README.md",
          "creations\\monetization\\SEO_Master\\requirements.txt"
        ],
        "path": "creations\\monetization\\SEO_Master"
      },
      "success": true
    },
    {
      "task": {
        "type": "agent",
        "name": "CodeHelper",
        "purpose": "Assistente programmazione che suggerisce codice e fix bug"
      },
      "result": "'AetherActionExecutor' object has no attribute 'name'",
      "success": false
    },
    {
      "task": {
        "type": "room",
        "name": "Zen_Garden",
        "details": "Giardino zen minimalista con acqua, pietre, bamb\u00f9 animati"
      },
      "result": {
        "success": true,
        "room_name": "room_012921",
        "files_created": [
          "aether-frontend\\src\\components\\rooms\\room_012921\\room_012921Room.jsx",
          "aether-frontend\\src\\components\\rooms\\room_012921\\room_012921.css",
          "aether-frontend\\src\\components\\rooms\\room_012921\\room.json"
        ],
        "path": "aether-frontend\\src\\components\\rooms\\room_012921",
        "theme": "onirico"
      },
      "success": true
    }
  ],
  "summary": {
    "total": 5,
    "success": 3,
    "failed": 2
  }
}