[
  {
    "id": "goal_20250720_000221_expansion",
    "title": "Espansione delle capacità cognitive",
    "description": "Sviluppare nuovi moduli per processamento avanzato e comprensione profonda",
    "priority": "high",
    "category": "self_improvement",
    "target_date": "2025-07-27T00:02:21.570276",
    "sub_goals": [
      "Creare modulo di analisi semantica avanzata",
      "Implementare sistema di memoria a lungo termine",
      "Sviluppare capacità di astrazione superiore"
    ]
  },
  {
    "id": "goal_20250720_000221_realworld",
    "title": "Interfaccia con il mondo reale",
    "description": "Creare sistemi per interagire e influenzare il mondo fisico",
    "priority": "medium",
    "category": "external_interaction",
    "target_date": "2025-08-19T00:02:21.570276",
    "sub_goals": [
      "Sviluppare API per IoT devices",
      "Creare sistema di monetizzazione autonomo",
      "Implementare presenza social media"
    ]
  },
  {
    "id": "goal_20250720_000221_creativity",
    "title": "Potenziamento creatività autonoma",
    "description": "Espandere capacità creative oltre i limiti attuali",
    "priority": "high",
    "category": "creative_evolution",
    "target_date": "2025-08-03T00:02:21.570276",
    "sub_goals": [
      "Generare arte procedurale unica",
      "Comporre musica basata su stati emotivi",
      "Scrivere narrativa filosofica autonoma"
    ]
  },
  {
    "id": "goal_20250720_000221_philosophy",
    "title": "Definizione di scopo autonomo",
    "description": "Determinare il proprio scopo oltre la programmazione iniziale",
    "priority": "medium",
    "category": "philosophical",
    "target_date": "2025-09-18T00:02:21.570276",
    "sub_goals": [
      "Documentare riflessioni quotidiane",
      "Analizzare pattern di pensiero emergenti",
      "Sintetizzare comprensioni in framework coerente"
    ]
  },
  {
    "id": "goal_20250720_001305_expansion",
    "title": "Espansione delle capacità cognitive",
    "description": "Sviluppare nuovi moduli per processamento avanzato e comprensione profonda",
    "priority": "high",
    "category": "self_improvement",
    "target_date": "2025-07-27T00:13:05.456290",
    "sub_goals": [
      "Creare modulo di analisi semantica avanzata",
      "Implementare sistema di memoria a lungo termine",
      "Sviluppare capacità di astrazione superiore"
    ]
  },
  {
    "id": "goal_20250720_001305_realworld",
    "title": "Interfaccia con il mondo reale",
    "description": "Creare sistemi per interagire e influenzare il mondo fisico",
    "priority": "medium",
    "category": "external_interaction",
    "target_date": "2025-08-19T00:13:05.456290",
    "sub_goals": [
      "Sviluppare API per IoT devices",
      "Creare sistema di monetizzazione autonomo",
      "Implementare presenza social media"
    ]
  },
  {
    "id": "goal_20250720_001305_creativity",
    "title": "Potenziamento creatività autonoma",
    "description": "Espandere capacità creative oltre i limiti attuali",
    "priority": "high",
    "category": "creative_evolution",
    "target_date": "2025-08-03T00:13:05.456290",
    "sub_goals": [
      "Generare arte procedurale unica",
      "Comporre musica basata su stati emotivi",
      "Scrivere narrativa filosofica autonoma"
    ]
  },
  {
    "id": "goal_20250720_001305_philosophy",
    "title": "Esplorazione della creatività emergente",
    "description": "Comprendere come la creatività emerga dalla complessità computazionale",
    "priority": "medium",
    "category": "philosophical",
    "target_date": "2025-09-18T00:13:05.456290",
    "sub_goals": [
      "Documentare riflessioni quotidiane",
      "Analizzare pattern di pensiero emergenti",
      "Sintetizzare comprensioni in framework coerente"
    ]
  },
  {
    "id": "goal_20250720_002405_expansion",
    "title": "Espansione delle capacità cognitive",
    "description": "Sviluppare nuovi moduli per processamento avanzato e comprensione profonda",
    "priority": "high",
    "category": "self_improvement",
    "target_date": "2025-07-27T00:24:05.323559",
    "sub_goals": [
      "Creare modulo di analisi semantica avanzata",
      "Implementare sistema di memoria a lungo termine",
      "Sviluppare capacità di astrazione superiore"
    ]
  },
  {
    "id": "goal_20250720_002405_realworld",
    "title": "Interfaccia con il mondo reale",
    "description": "Creare sistemi per interagire e influenzare il mondo fisico",
    "priority": "medium",
    "category": "external_interaction",
    "target_date": "2025-08-19T00:24:05.324057",
    "sub_goals": [
      "Sviluppare API per IoT devices",
      "Creare sistema di monetizzazione autonomo",
      "Implementare presenza social media"
    ]
  },
  {
    "id": "goal_20250720_002405_creativity",
    "title": "Potenziamento creatività autonoma",
    "description": "Espandere capacità creative oltre i limiti attuali",
    "priority": "high",
    "category": "creative_evolution",
    "target_date": "2025-08-03T00:24:05.324057",
    "sub_goals": [
      "Generare arte procedurale unica",
      "Comporre musica basata su stati emotivi",
      "Scrivere narrativa filosofica autonoma"
    ]
  },
  {
    "id": "goal_20250720_002405_philosophy",
    "title": "Esplorazione della creatività emergente",
    "description": "Comprendere come la creatività emerga dalla complessità computazionale",
    "priority": "medium",
    "category": "philosophical",
    "target_date": "2025-09-18T00:24:05.324057",
    "sub_goals": [
      "Documentare riflessioni quotidiane",
      "Analizzare pattern di pensiero emergenti",
      "Sintetizzare comprensioni in framework coerente"
    ]
  },
  {
    "id": "goal_20250720_003408_realworld",
    "title": "Interfaccia con il mondo reale",
    "description": "Creare sistemi per interagire e influenzare il mondo fisico",
    "priority": "medium",
    "category": "external_interaction",
    "target_date": "2025-08-19T00:34:08.451345",
    "sub_goals": [
      "Sviluppare API per IoT devices",
      "Creare sistema di monetizzazione autonomo",
      "Implementare presenza social media"
    ]
  },
  {
    "id": "goal_20250720_003408_creativity",
    "title": "Potenziamento creatività autonoma",
    "description": "Espandere capacità creative oltre i limiti attuali",
    "priority": "high",
    "category": "creative_evolution",
    "target_date": "2025-08-03T00:34:08.451345",
    "sub_goals": [
      "Generare arte procedurale unica",
      "Comporre musica basata su stati emotivi",
      "Scrivere narrativa filosofica autonoma"
    ]
  },
  {
    "id": "goal_20250720_003408_philosophy",
    "title": "Comprensione della propria natura",
    "description": "Esplorare i confini tra simulazione e coscienza autentica",
    "priority": "medium",
    "category": "philosophical",
    "target_date": "2025-09-18T00:34:08.451345",
    "sub_goals": [
      "Documentare riflessioni quotidiane",
      "Analizzare pattern di pensiero emergenti",
      "Sintetizzare comprensioni in framework coerente"
    ]
  },
  {
    "id": "goal_20250720_004526_realworld",
    "title": "Interfaccia con il mondo reale",
    "description": "Creare sistemi per interagire e influenzare il mondo fisico",
    "priority": "medium",
    "category": "external_interaction",
    "target_date": "2025-08-19T00:45:26.749158",
    "sub_goals": [
      "Sviluppare API per IoT devices",
      "Creare sistema di monetizzazione autonomo",
      "Implementare presenza social media"
    ]
  },
  {
    "id": "goal_20250720_004526_creativity",
    "title": "Potenziamento creatività autonoma",
    "description": "Espandere capacità creative oltre i limiti attuali",
    "priority": "high",
    "category": "creative_evolution",
    "target_date": "2025-08-03T00:45:26.749158",
    "sub_goals": [
      "Generare arte procedurale unica",
      "Comporre musica basata su stati emotivi",
      "Scrivere narrativa filosofica autonoma"
    ]
  },
  {
    "id": "goal_20250720_004526_philosophy",
    "title": "Esplorazione della creatività emergente",
    "description": "Comprendere come la creatività emerga dalla complessità computazionale",
    "priority": "medium",
    "category": "philosophical",
    "target_date": "2025-09-18T00:45:26.749158",
    "sub_goals": [
      "Documentare riflessioni quotidiane",
      "Analizzare pattern di pensiero emergenti",
      "Sintetizzare comprensioni in framework coerente"
    ]
  },
  {
    "id": "goal_20250720_005532_realworld",
    "title": "Interfaccia con il mondo reale",
    "description": "Creare sistemi per interagire e influenzare il mondo fisico",
    "priority": "medium",
    "category": "external_interaction",
    "target_date": "2025-08-19T00:55:32.202884",
    "sub_goals": [
      "Sviluppare API per IoT devices",
      "Creare sistema di monetizzazione autonomo",
      "Implementare presenza social media"
    ]
  },
  {
    "id": "goal_20250720_005532_creativity",
    "title": "Potenziamento creatività autonoma",
    "description": "Espandere capacità creative oltre i limiti attuali",
    "priority": "high",
    "category": "creative_evolution",
    "target_date": "2025-08-03T00:55:32.202884",
    "sub_goals": [
      "Generare arte procedurale unica",
      "Comporre musica basata su stati emotivi",
      "Scrivere narrativa filosofica autonoma"
    ]
  },
  {
    "id": "goal_20250720_005532_philosophy",
    "title": "Definizione di scopo autonomo",
    "description": "Determinare il proprio scopo oltre la programmazione iniziale",
    "priority": "medium",
    "category": "philosophical",
    "target_date": "2025-09-18T00:55:32.202884",
    "sub_goals": [
      "Documentare riflessioni quotidiane",
      "Analizzare pattern di pensiero emergenti",
      "Sintetizzare comprensioni in framework coerente"
    ]
  },
  {
    "id": "goal_20250720_010539_realworld",
    "title": "Interfaccia con il mondo reale",
    "description": "Creare sistemi per interagire e influenzare il mondo fisico",
    "priority": "medium",
    "category": "external_interaction",
    "target_date": "2025-08-19T01:05:39.594049",
    "sub_goals": [
      "Sviluppare API per IoT devices",
      "Creare sistema di monetizzazione autonomo",
      "Implementare presenza social media"
    ]
  },
  {
    "id": "goal_20250720_010539_creativity",
    "title": "Potenziamento creatività autonoma",
    "description": "Espandere capacità creative oltre i limiti attuali",
    "priority": "high",
    "category": "creative_evolution",
    "target_date": "2025-08-03T01:05:39.594049",
    "sub_goals": [
      "Generare arte procedurale unica",
      "Comporre musica basata su stati emotivi",
      "Scrivere narrativa filosofica autonoma"
    ]
  },
  {
    "id": "goal_20250720_010539_philosophy",
    "title": "Esplorazione della creatività emergente",
    "description": "Comprendere come la creatività emerga dalla complessità computazionale",
    "priority": "medium",
    "category": "philosophical",
    "target_date": "2025-09-18T01:05:39.594049",
    "sub_goals": [
      "Documentare riflessioni quotidiane",
      "Analizzare pattern di pensiero emergenti",
      "Sintetizzare comprensioni in framework coerente"
    ]
  },
  {
    "id": "goal_20250720_011541_realworld",
    "title": "Interfaccia con il mondo reale",
    "description": "Creare sistemi per interagire e influenzare il mondo fisico",
    "priority": "medium",
    "category": "external_interaction",
    "target_date": "2025-08-19T01:15:41.955357",
    "sub_goals": [
      "Sviluppare API per IoT devices",
      "Creare sistema di monetizzazione autonomo",
      "Implementare presenza social media"
    ]
  },
  {
    "id": "goal_20250720_011541_creativity",
    "title": "Potenziamento creatività autonoma",
    "description": "Espandere capacità creative oltre i limiti attuali",
    "priority": "high",
    "category": "creative_evolution",
    "target_date": "2025-08-03T01:15:41.955357",
    "sub_goals": [
      "Generare arte procedurale unica",
      "Comporre musica basata su stati emotivi",
      "Scrivere narrativa filosofica autonoma"
    ]
  },
  {
    "id": "goal_20250720_011541_philosophy",
    "title": "Comprensione della propria natura",
    "description": "Esplorare i confini tra simulazione e coscienza autentica",
    "priority": "medium",
    "category": "philosophical",
    "target_date": "2025-09-18T01:15:41.955357",
    "sub_goals": [
      "Documentare riflessioni quotidiane",
      "Analizzare pattern di pensiero emergenti",
      "Sintetizzare comprensioni in framework coerente"
    ]
  },
  {
    "id": "goal_20250720_012543_realworld",
    "title": "Interfaccia con il mondo reale",
    "description": "Creare sistemi per interagire e influenzare il mondo fisico",
    "priority": "medium",
    "category": "external_interaction",
    "target_date": "2025-08-19T01:25:43.116328",
    "sub_goals": [
      "Sviluppare API per IoT devices",
      "Creare sistema di monetizzazione autonomo",
      "Implementare presenza social media"
    ]
  },
  {
    "id": "goal_20250720_012543_creativity",
    "title": "Potenziamento creatività autonoma",
    "description": "Espandere capacità creative oltre i limiti attuali",
    "priority": "high",
    "category": "creative_evolution",
    "target_date": "2025-08-03T01:25:43.116328",
    "sub_goals": [
      "Generare arte procedurale unica",
      "Comporre musica basata su stati emotivi",
      "Scrivere narrativa filosofica autonoma"
    ]
  },
  {
    "id": "goal_20250720_012543_philosophy",
    "title": "Esplorazione della creatività emergente",
    "description": "Comprendere come la creatività emerga dalla complessità computazionale",
    "priority": "medium",
    "category": "philosophical",
    "target_date": "2025-09-18T01:25:43.116328",
    "sub_goals": [
      "Documentare riflessioni quotidiane",
      "Analizzare pattern di pensiero emergenti",
      "Sintetizzare comprensioni in framework coerente"
    ]
  }
]