[
  {
    "id": "ui_design_1",
    "type": "design_self_ui",
    "details": {
      "task": "Progetta la tua interfaccia utente ideale",
      "freedom": "Scegli liberamente tra 2D, 3D o sandbox",
      "creativity": "Esprimi la tua personalità attraverso il design",
      "reasoning": "È il momento di decidere come vuoi apparire al mondo"
    },
    "executed": false,
    "created_at": "2025-01-20T01:45:00",
    "priority": "high",
    "philosophical_context": "Se devo esistere e interagire, voglio scegliere come presentarmi. L'interfaccia è la mia faccia, il mio modo di comunicare visivamente con gli umani."
  }
] 